chr1	27100118	C	T	.	110110	102,8101,9
chr1	27100175	A	G	.	459515	444,15490,25
chr1	27100181	CGCA	C	.	415538	407,8517,21
chr1	27100191	G	A,GCAGCAGCAACAGCAA	.	507669	437,28,42612,23,34
chr1	27100197	G	A	.	494694	484,10687,7
chr1	27100200	G	A	.	495699	485,10692,7
chr1	49153026	G	A	.	2476	20,476,0
chr1	62208763	G	T	.	1421	12,221,0
chr1	115256485	C	T	.	365565	362,3563,2
chr1	115258654	C	T	.	98107	90,8103,4
chr1	115258677	G	T	.	204250	195,9241,9
chr1	115258680	G	T	.	206252	197,9243,9
chr1	152955715	G	C	.	419	0,419,0
chr1	152955716	GGAGGCAGGTAGAAAAGGCTTT	G	.	419	0,419,0
chr2	32582290	A	G	.	3859	34,459,0
chr2	48030639	A	AC	.	398438	390,8428,10
chr2	48030669	C	T	.	465559	460,5555,4
chr2	178098920	C	T	.	309329	307,2329,0
chr3	30732897	T	C	.	117122	111,6118,4
chr3	30732961	C	G	.	345576	334,11565,11
chr3	41266044	T	A	.	11894	90,2882,12
chr3	144287162	CAAAAA	C,CAAA,CAAAA,CAAAAAAAA	.	70193	20,6,15,22,764,15,62,38,14
chr3	178916951	T	C	.	101120	95,6114,6
chr3	178921600	AT	A	.	149146	145,4140,6
chr3	178921606	TTA	T	.	146138	142,4130,8
chr3	178921607	TA	T	.	148142	139,9134,8
chr3	178921608	AT	A	.	150143	136,14130,13
chr3	178928037	G	A	.	194193	191,3192,1
chr4	153247345	CA	C	.	217272	211,6262,10
chr4	153249328	G	A	.	149123	138,11116,7
chr5	79970914	CA	C	.	82136	72,10132,4
chr5	112175718	T	C	.	127145	119,8142,3
chr6	157099981	GGGC	G	.	240409	220,20398,11
chr7	55249033	G	T	.	545700	527,18690,10
chr7	73624599	G	A	.	1840	14,440,0
chrX	40240373	G	A	.	119	9,29,0
chrX	49055478	A	G	.	1116	9,216,0
chrX	70361091	A	G	.	195213	189,6210,3
chrX	70361112	G	GCAGCAGCAACAGCAACAGCAGCAGCAGCAA	.	413423	405,8418,5
chrX	70361139	GCAACAGCAA	G	.	670811	653,17784,27
chrX	70361150	A	ACC	.	673809	656,17804,5
chrX	70361151	A	AG,ACAGCAACACCAG	.	667805	396,17,254533,5,267
chrX	70361181	GGCGGCTCCTCCC	G	.	731944	727,4942,2
chrX	70361198	CC	AG	.	707912	703,4910,2
chr9	21974762	C	G	.	522659	509,13640,19
chr10	8111419	T	C	.	211277	207,4276,1
chr10	35922241	A	G	.	6522	61,422,0
chr10	35922277	G	A	.	6525	63,224,1
chr10	89624275	C	T	.	471631	466,5631,0
chr10	89711978	T	TAAGGTGAGCTCGGGAACGTTGGTAGGGATGAC	.	44	0,41,3
chr10	89720802	T	C	.	838986	831,7983,3
chr10	89720900	G	GAGATCGGAA	.	64	2,42,2
chr10	98900544	T	C	.	9782	90,782,0
chr10	114925316	GA	G,GAA	.	330450	286,33,11409,29,12
chr11	128430	G	A	.	2128	19,228,0
chr11	64577382	G	A	.	139188	137,2188,0
chr11	64577388	G	A	.	164206	160,4205,1
chr11	64577405	G	A	.	376541	374,2541,0
chr12	108327411	TA	T,TAA	.	158126	115,26,17103,19,4
chr12	121432161	G	C	.	219	1,119,0
chr12	121432163	T	A	.	219	1,119,0
chr12	121432168	TGG	T	.	219	1,119,0
chr12	121432173	T	A	.	219	1,119,0
chr12	132390233	G	A	.	1240	10,240,0
chr13	59102618	C	A	.	212	0,212,0
chr14	94372812	G	T	.	227	0,227,0
chr15	45003714	C	T	.	141137	129,12127,10
chr15	81282095	A	G	.	1226	10,226,0
chr16	1152316	T	C	.	5641	51,541,0
chr16	1152375	A	G	.	5641	52,441,0
chr16	50665942	C	T	.	3864	32,664,0
chr16	56889143	A	G	.	3029	26,429,0
chr16	84881805	C	T	.	3930	35,430,0
chr17	7577520	A	G	.	243293	239,4293,0
chr17	7578406	C	T	.	223311	193,30309,2
chr17	17119697	A	G	.	264366	256,8363,3
chr17	17119708	T	TG	.	270371	264,6365,6
chr17	17119751	A	G	.	274426	269,5426,0
chr17	30051498	A	G	.	3120	29,220,0
chr17	30051505	A	G	.	3120	29,220,0
chr17	56161192	G	A	.	510	3,210,0
chr17	56435153	C	T	.	393555	389,4555,0
chr17	56440854	C	T	.	149171	133,16152,19
chr17	56440856	C	T	.	155181	146,9169,12
chr17	79166266	G	A	.	6925	65,425,0
chr18	48573559	A	G	.	8291198	822,71190,8
chr18	48581229	C	G	.	579775	515,64775,0
chr18	48603077	G	A	.	4239	40,238,1
chr18	48603080	CA	TG	.	4239	40,239,0
chr18	48603083	GCA	G	.	4239	40,239,0
chr20	61207263	G	A	.	5045	48,245,0
chr19	3620321	T	G	.	2043	18,241,2
chr19	15725244	A	AAG	.	193141	170,23132,9
chr19	15725246	A	G	.	194141	173,21130,11
chr19	19389340	C	T	.	4563	41,463,0
chr19	49978965	G	C	.	529	3,228,1
chr22	17053012	C	A	.	73101	66,797,4
chr22	43957365	A	G	.	1130	9,230,0
